Track URI,Track Name,Album Name,Artist Name(s),Release Date,Duration (ms),Popularity,Explicit,Added By,Added At,Genres,Record Label,Danceability,Energy,Key,Loudness,Mode,Speechiness,Acousticness,Instrumentalness,Liveness,Valence,Tempo,Time Signature
spotify:track:5EtuWz5xfBsynwCRkzD5Lr,"רוח סתיו","המיטב","Lehakat HaNachal",2015-03-10,173600,8,false,214vhfcvcyfy3bjzzggofioyy,2026-02-12T14:47:00Z,"","NMC United Entertainment Ltd.",0.356,0.25,2,-10.913,0,0.0421,0.953,0,0.104,0.557,86.697,3
spotify:track:6GiMEjff7WWKdbHvl8uF2K,"לא פעם בקיץ","המיטב","Arik Einstein",2015-03-10,203493,8,false,214vhfcvcyfy3bjzzggofioyy,2026-02-12T14:47:00Z,"mizrahi","NMC United Entertainment Ltd.",0.622,0.399,0,-13.916,0,0.0309,0.799,0.00000173,0.0996,0.648,107.735,3
spotify:track:1rLpuk8Evne80bnfxjz1Pg,"בית הערבה","המיטב","Arik Einstein",2015-03-10,202906,24,false,214vhfcvcyfy3bjzzggofioyy,2026-02-12T14:47:00Z,"mizrahi","NMC United Entertainment Ltd.",0.463,0.293,2,-13.774,0,0.038,0.573,0.0000156,0.145,0.086,101.025,3
spotify:track:6UKD1EbawMLspYnCFnNJfI,"הגר","המיטב","Arik Einstein",2015-03-10,211466,8,false,214vhfcvcyfy3bjzzggofioyy,2026-02-12T14:47:00Z,"mizrahi","NMC United Entertainment Ltd.",0.587,0.605,7,-6.99,1,0.0346,0.55,0.0000741,0.169,0.684,123.682,4
spotify:track:1KcUNl9nvuFHl7g0w9s0rm,"אני מרגיש כמו מלך","המיטב","Arik Einstein",2015-03-10,202226,8,false,214vhfcvcyfy3bjzzggofioyy,2026-02-12T14:47:00Z,"mizrahi","NMC United Entertainment Ltd.",0.617,0.389,0,-9.072,1,0.101,0.0519,0,0.0658,0.415,104.428,4
spotify:track:569JAFupHelM70j9hptSaW,"אובלדי אובלדה","המיטב","Arik Einstein",2015-03-10,178266,15,false,214vhfcvcyfy3bjzzggofioyy,2026-02-12T14:47:00Z,"mizrahi","NMC United Entertainment Ltd.",0.825,0.718,3,-7.049,1,0.043,0.693,0,0.388,0.966,119.916,4
spotify:track:4HsHobbhQjbbPQ5bFPsVRF,"הימים הארוכים העצובים","המיטב","Arik Einstein",2015-03-10,214040,11,false,214vhfcvcyfy3bjzzggofioyy,2026-02-12T14:47:00Z,"mizrahi","NMC United Entertainment Ltd.",0.467,0.484,2,-8.95,0,0.0358,0.309,0.0000504,0.097,0.562,96.566,4
spotify:track:5SBGRO1YQ9KAK5RkhMV78G,"מה שהיה היה","המיטב","Arik Einstein",2015-03-10,205240,8,false,214vhfcvcyfy3bjzzggofioyy,2026-02-12T14:47:00Z,"mizrahi","NMC United Entertainment Ltd.",0.53,0.391,2,-11.441,0,0.0353,0.172,0.00000374,0.125,0.444,113.756,4
spotify:track:35LNL7yp5t4jVawzufXDuv,"מדוע הילד צחק בחלום","המיטב","Arik Einstein",2015-03-10,253000,8,false,214vhfcvcyfy3bjzzggofioyy,2026-02-12T14:47:00Z,"mizrahi","NMC United Entertainment Ltd.",0.41,0.231,1,-15.001,1,0.0354,0.456,0.0000102,0.084,0.125,116.797,4
spotify:track:0YRRGpjzeTlehsDMZ4myJ5,"מכופף הבננות","המיטב","Arik Einstein",2015-03-10,247000,21,false,214vhfcvcyfy3bjzzggofioyy,2026-02-12T14:47:00Z,"mizrahi","NMC United Entertainment Ltd.",0.695,0.41,5,-13.985,1,0.0582,0.434,0,0.106,0.881,130.35,4
spotify:track:3VIYXc8kuxJnO9d0ILjgFj,"אני רואה אותה בדרך לגימנסיה","המיטב","Arik Einstein;Shalom Hanoch",2015-03-10,280986,9,false,214vhfcvcyfy3bjzzggofioyy,2026-02-12T14:47:00Z,"mizrahi","NMC United Entertainment Ltd.",0.419,0.421,9,-11.101,1,0.0351,0.471,0.0000706,0.746,0.157,137.656,4
spotify:track:0dZe0h5o8w7GTQjkBVjqUo,"הבלדה על יואל משה סלומון (מתוך מחרוזת שבלול 2) - Live","המיטב","Arik Einstein;Shalom Hanoch",2015-03-10,153426,22,false,214vhfcvcyfy3bjzzggofioyy,2026-02-12T14:47:00Z,"mizrahi","NMC United Entertainment Ltd.",0.648,0.685,7,-9.953,1,0.0301,0.744,0.0045,0.112,0.782,129.98,4
spotify:track:1C25Wk0xh0G3xfmSyuXPbP,"מה איתי (מתוך מחרוזת שבלול 2) - Live","המיטב","Arik Einstein;Shalom Hanoch;Dafna Armoni",2015-03-10,299240,12,false,214vhfcvcyfy3bjzzggofioyy,2026-02-12T14:47:00Z,"mizrahi","NMC United Entertainment Ltd.",0.42,0.301,8,-11.378,1,0.0297,0.693,0.00002,0.108,0.217,74.288,4
spotify:track:1JgpPG2yUyFD27ROpiFzxK,"סן פרנסיסקו על המים","המיטב","Arik Einstein;Shalom Hanoch",2015-03-10,362480,26,false,214vhfcvcyfy3bjzzggofioyy,2026-02-12T14:47:00Z,"mizrahi","NMC United Entertainment Ltd.",0.674,0.497,2,-12.18,1,0.0294,0.617,0.000172,0.104,0.596,106.69,4
spotify:track:5GPb7UCydEqlMq1awdywcF,"סוס עץ - Live","המיטב","Arik Einstein",2015-03-10,263173,9,false,214vhfcvcyfy3bjzzggofioyy,2026-02-12T14:47:00Z,"mizrahi","NMC United Entertainment Ltd.",0.547,0.445,4,-11.068,0,0.0292,0.828,0.00000332,0.546,0.35,74.216,3
spotify:track:5YQ2hHgmUmfJjeUqXO12bP,"סיום","המיטב","Arik Einstein;Miki Gavrielov",2015-03-10,287826,7,false,214vhfcvcyfy3bjzzggofioyy,2026-02-12T14:47:00Z,"mizrahi","NMC United Entertainment Ltd.",0.594,0.503,5,-15.883,1,0.0385,0.648,0.0000313,0.125,0.544,144.529,4
spotify:track:6iCGMueQ7u228OuiO7P9Sk,"הכניסיני תחת כנפך","המיטב","Arik Einstein;Miki Gavrielov",2015-03-10,295000,12,false,214vhfcvcyfy3bjzzggofioyy,2026-02-12T14:47:00Z,"mizrahi","NMC United Entertainment Ltd.",0.359,0.273,8,-15.64,1,0.0272,0.772,0,0.13,0.226,143.867,4
spotify:track:31schRC02FINpizjT8yJqx,"היא יושבה לחלון","המיטב","Arik Einstein;Miki Gavrielov",2015-03-10,204000,16,false,214vhfcvcyfy3bjzzggofioyy,2026-02-12T14:47:00Z,"mizrahi","NMC United Entertainment Ltd.",0.41,0.186,3,-19.12,0,0.0328,0.912,0.489,0.182,0.275,133.532,4
spotify:track:4Sj7lC0XT70SZBxWxj3rXk,"חמוש במשקפיים","המיטב","Arik Einstein;Miki Gavrielov",2015-03-10,219160,6,false,214vhfcvcyfy3bjzzggofioyy,2026-02-12T14:47:00Z,"mizrahi","NMC United Entertainment Ltd.",0.447,0.109,11,-20.745,0,0.0357,0.649,0.00164,0.112,0.101,123.441,4
spotify:track:7aDEBLRS1oi3uTRFaIlMge,"יושב על הגדר","המיטב","Arik Einstein;Itzhak Klepter",2015-03-10,235866,13,false,214vhfcvcyfy3bjzzggofioyy,2026-02-12T14:47:00Z,"mizrahi","NMC United Entertainment Ltd.",0.634,0.539,5,-10.856,1,0.0282,0.0367,0.000207,0.073,0.435,150.054,4
spotify:track:7DjisTxVTXXWPIwIJ7l7sp,"טירוף במה","המיטב","Arik Einstein;Itzhak Klepter",2015-03-10,341300,7,false,214vhfcvcyfy3bjzzggofioyy,2026-02-12T14:47:00Z,"mizrahi","NMC United Entertainment Ltd.",0.608,0.76,7,-10.361,1,0.0342,0.192,0,0.217,0.786,106.433,4
spotify:track:0gG7GugNxT0sXNxUhUWyWp,"מבלי להפריע","המיטב","Arik Einstein;Itzhak Klepter",2015-03-10,269000,7,false,214vhfcvcyfy3bjzzggofioyy,2026-02-12T14:47:00Z,"mizrahi","NMC United Entertainment Ltd.",0.67,0.366,9,-15.029,0,0.0297,0.00171,0.00791,0.075,0.185,122.647,4
spotify:track:6fuxW5xT4j9NqhhRb6sLLS,"בוקר טוב, אמיר","המיטב","Arik Einstein;Itzhak Klepter",2015-03-10,221200,6,false,214vhfcvcyfy3bjzzggofioyy,2026-02-12T14:47:00Z,"mizrahi","NMC United Entertainment Ltd.",0.642,0.29,4,-16.094,0,0.0279,0.757,0.198,0.0936,0.267,98.926,4
spotify:track:5mKYf26wfLISLrNGh4cS5H,"בשבחי הסמבה","המיטב","Arik Einstein;Itzhak Klepter",2015-03-10,311986,9,false,214vhfcvcyfy3bjzzggofioyy,2026-02-12T14:47:00Z,"mizrahi","NMC United Entertainment Ltd.",0.733,0.529,2,-10.727,1,0.0411,0.603,0.000904,0.118,0.692,141.613,4
spotify:track:4bHgVbkF8dI7Jks9toQ4uW,"שביר","המיטב","Arik Einstein;Itzhak Klepter",2015-03-10,219000,8,false,214vhfcvcyfy3bjzzggofioyy,2026-02-12T14:47:00Z,"mizrahi","NMC United Entertainment Ltd.",0.729,0.512,2,-13.078,1,0.0284,0.00208,0.0408,0.242,0.933,124.958,4
spotify:track:4Rc9IceHaxDyWax23fWGAc,"פנים טובות בתוך החשכה","המיטב","Arik Einstein;Itzhak Klepter",2015-03-10,223133,5,false,214vhfcvcyfy3bjzzggofioyy,2026-02-12T14:47:00Z,"mizrahi","NMC United Entertainment Ltd.",0.693,0.305,9,-15.557,1,0.0343,0.615,0.0000124,0.278,0.258,138.596,4
spotify:track:6mWsvxRF59lqlugrnqWZJ2,"יד אחת עושה את זה","המיטב","Arik Einstein;Itzhak Klepter",2015-03-10,208533,5,false,214vhfcvcyfy3bjzzggofioyy,2026-02-12T14:47:00Z,"mizrahi","NMC United Entertainment Ltd.",0.672,0.554,2,-12.298,0,0.0294,0.00193,0,0.0553,0.963,148.872,4
spotify:track:4kt9MX3g3lD3ePmxGoiinY,"אולי צריך לתת לזה עוד זמן","המיטב","Arik Einstein;Itzhak Klepter",2015-03-10,261893,13,false,214vhfcvcyfy3bjzzggofioyy,2026-02-12T14:47:00Z,"mizrahi","NMC United Entertainment Ltd.",0.626,0.378,8,-13.42,0,0.0269,0.443,0.00000252,0.108,0.325,133.281,4
spotify:track:7jp504ccZurkKfAMfISMg2,"אהובתי שלי לבנת הצואר","המיטב","Arik Einstein",2015-03-10,166893,8,false,214vhfcvcyfy3bjzzggofioyy,2026-02-12T14:47:00Z,"mizrahi","NMC United Entertainment Ltd.",0.406,0.469,6,-8.395,1,0.0293,0.875,0.00000247,0.0985,0.174,92.653,4
spotify:track:0zz0iGcFF3Mb5h284v0Dua,"איילת אהבים","המיטב","Arik Einstein;Yehudit Ravitz",2015-03-10,183826,7,false,214vhfcvcyfy3bjzzggofioyy,2026-02-12T14:47:00Z,"mizrahi","NMC United Entertainment Ltd.",0.763,0.216,2,-16.478,0,0.0391,0.792,0,0.0813,0.154,108.382,4
spotify:track:4e8mHVCJveIa9zj2FFoTsI,"עוד נפגש","המיטב","Arik Einstein",2015-03-10,258000,25,false,214vhfcvcyfy3bjzzggofioyy,2026-02-12T14:47:00Z,"mizrahi","NMC United Entertainment Ltd.",0.695,0.33,8,-17.244,0,0.0445,0.275,0.0000178,0.0444,0.31,140.608,4
spotify:track:5tjFVCQlbLfAIt050kRJgP,"ארץ ישראל","המיטב","Arik Einstein",2015-03-10,218000,5,false,214vhfcvcyfy3bjzzggofioyy,2026-02-12T14:47:00Z,"mizrahi","NMC United Entertainment Ltd.",0.599,0.187,7,-16.01,0,0.0286,0.446,0,0.0792,0.393,97.108,4
spotify:track:2QFjwC9JhF2kHPQAMXobeO,"העיר הלבנה","המיטב","Arik Einstein",2015-03-10,210000,9,false,214vhfcvcyfy3bjzzggofioyy,2026-02-12T14:47:00Z,"mizrahi","NMC United Entertainment Ltd.",0.481,0.165,7,-15.05,0,0.031,0.831,0,0.127,0.321,108.117,3
spotify:track:7KJBD4wuumbpcUwgpdUQc8,"פסק זמן","המיטב","Arik Einstein",2015-03-10,242306,20,false,214vhfcvcyfy3bjzzggofioyy,2026-02-12T14:47:00Z,"mizrahi","NMC United Entertainment Ltd.",0.551,0.419,2,-11.483,1,0.0614,0.947,0.0192,0.114,0.285,138.913,4
spotify:track:4MEt2FKqEarUvkrvIiQJPG,"הוא חזר בתשובה","המיטב","Arik Einstein;Shem-Tov Levy",2015-03-10,287493,8,false,214vhfcvcyfy3bjzzggofioyy,2026-02-12T14:47:00Z,"mizrahi","NMC United Entertainment Ltd.",0.637,0.248,2,-13.811,0,0.0282,0.346,0.00554,0.102,0.105,108.181,4
spotify:track:5AFxvWotp0LteFvEqkRT0g,"שלוש ארבע לעבודה","המיטב","Arik Einstein;Shem-Tov Levy",2015-03-10,171506,9,false,214vhfcvcyfy3bjzzggofioyy,2026-02-12T14:47:00Z,"mizrahi","NMC United Entertainment Ltd.",0.712,0.924,2,-8.248,1,0.13,0.281,0,0.132,0.753,143.388,4
spotify:track:11GQwmPT2fRI1NRmZp7oko,"זה בראש שלך","המיטב","Arik Einstein;Shem-Tov Levy",2015-03-10,293000,8,false,214vhfcvcyfy3bjzzggofioyy,2026-02-12T14:47:00Z,"mizrahi","NMC United Entertainment Ltd.",0.744,0.669,0,-10.171,1,0.0353,0.643,0.0000203,0.275,0.904,147.453,4
spotify:track:6MsX2dO4DHO7hdKcRB05QL,"תוצרת הארץ","המיטב","Arik Einstein;Shem-Tov Levy",2015-03-10,214066,17,false,214vhfcvcyfy3bjzzggofioyy,2026-02-12T14:47:00Z,"mizrahi","NMC United Entertainment Ltd.",0.557,0.539,2,-11.47,1,0.0613,0.258,0,0.103,0.81,118.509,3
spotify:track:6Vr6MHfFF1i6W72pbhsKa7,"שולמית","המיטב","Arik Einstein;Shem-Tov Levy",2015-03-10,278333,5,false,214vhfcvcyfy3bjzzggofioyy,2026-02-12T14:47:00Z,"mizrahi","NMC United Entertainment Ltd.",0.524,0.517,4,-12.346,0,0.0437,0.233,0,0.0809,0.65,169.399,4
spotify:track:0b4tHpWbiESU09gmb0ditV,"אוהב להיות בבית","המיטב","Arik Einstein;Miki Gavrielov",2015-03-10,273173,11,false,214vhfcvcyfy3bjzzggofioyy,2026-02-12T14:47:00Z,"mizrahi","NMC United Entertainment Ltd.",0.746,0.653,0,-12.177,0,0.0352,0.105,0,0.351,0.916,128.654,4
spotify:track:4FL94t5yRadkUBwRAq6yn1,"יושב מול הנייר","המיטב","Arik Einstein;Miki Gavrielov",2015-03-10,317000,12,false,214vhfcvcyfy3bjzzggofioyy,2026-02-12T14:47:00Z,"mizrahi","NMC United Entertainment Ltd.",0.583,0.515,4,-12.891,0,0.0336,0.553,0,0.082,0.466,131.905,4
spotify:track:3RaaKsMF8NZvARkx7dICAY,"אחכה","המיטב","Arik Einstein;Miki Gavrielov",2015-03-10,192320,5,false,214vhfcvcyfy3bjzzggofioyy,2026-02-12T14:47:00Z,"mizrahi","NMC United Entertainment Ltd.",0.519,0.187,9,-15.479,0,0.0334,0.897,0.00000156,0.0833,0.288,76.226,4
spotify:track:0q42BdfehLztSQ0QqApxXS,"השיר על התוכי יוסי","המיטב","Arik Einstein;Miki Gavrielov",2015-03-10,271986,8,false,214vhfcvcyfy3bjzzggofioyy,2026-02-12T14:47:00Z,"mizrahi","NMC United Entertainment Ltd.",0.442,0.2,7,-17.154,1,0.0297,0.919,0.000882,0.13,0.334,81.895,4
spotify:track:3uallJtWftFiDZYZ2uFAZd,"שכשנבוא","המיטב","Arik Einstein;Miki Gavrielov",2015-03-10,238893,8,false,214vhfcvcyfy3bjzzggofioyy,2026-02-12T14:47:00Z,"mizrahi","NMC United Entertainment Ltd.",0.533,0.632,1,-11.227,0,0.0327,0.252,0,0.103,0.596,126.402,4
spotify:track:7zSQJzZ3ehLPiVaddLk8QP,"שיר השיירה","המיטב","Arik Einstein;Miki Gavrielov",2015-03-10,252000,7,false,214vhfcvcyfy3bjzzggofioyy,2026-02-12T14:47:00Z,"mizrahi","NMC United Entertainment Ltd.",0.652,0.656,3,-12.066,1,0.0351,0.361,0,0.389,0.962,116.592,4
spotify:track:56zBmvpKA68ALNrWDw8J8v,"עיתונאי קטן","המיטב","Arik Einstein;Miki Gavrielov",2015-03-10,294133,5,false,214vhfcvcyfy3bjzzggofioyy,2026-02-12T14:47:00Z,"mizrahi","NMC United Entertainment Ltd.",0.601,0.475,7,-16.199,1,0.0409,0.497,0.0000764,0.0918,0.382,148.969,4
spotify:track:1ypKRIPxUO01d6dQ6v6KrG,"עוף גוזל","המיטב","Arik Einstein",2015-03-10,261866,15,false,214vhfcvcyfy3bjzzggofioyy,2026-02-12T14:47:00Z,"mizrahi","NMC United Entertainment Ltd.",0.522,0.406,6,-8.354,1,0.0256,0.773,0.000025,0.114,0.38,73.514,4
spotify:track:57XZTrlHMByGgqL3aUo4YM,"עטור מצחך","המיטב","Arik Einstein;Yoni Rechter",2015-03-10,247306,8,false,214vhfcvcyfy3bjzzggofioyy,2026-02-12T14:47:00Z,"mizrahi","NMC United Entertainment Ltd.",0.501,0.31,9,-11.009,0,0.028,0.923,0,0.139,0.392,103.588,4
spotify:track:5uISmOrhksrWFufJUcu1n9,"צער לך","המיטב","Arik Einstein;Yoni Rechter;Yehudit Ravitz",2015-03-10,253000,7,false,214vhfcvcyfy3bjzzggofioyy,2026-02-12T14:47:00Z,"mizrahi","NMC United Entertainment Ltd.",0.598,0.171,2,-18.199,1,0.0302,0.937,0.0286,0.102,0.288,137.757,4
spotify:track:02rvcNusfhStoxL13rywsF,"ולמות","המיטב","Arik Einstein;Yoni Rechter",2015-03-10,197360,4,false,214vhfcvcyfy3bjzzggofioyy,2026-02-12T14:47:00Z,"mizrahi","NMC United Entertainment Ltd.",0.438,0.256,9,-15.211,0,0.0338,0.725,0,0.0844,0.169,69.24,4
spotify:track:197ETJKAGWy4vruTYgRCsp,"סתיו יהודי","המיטב","Arik Einstein;Yoni Rechter",2015-03-10,219000,4,false,214vhfcvcyfy3bjzzggofioyy,2026-02-12T14:47:00Z,"mizrahi","NMC United Entertainment Ltd.",0.543,0.143,2,-19.351,0,0.0373,0.901,0.000276,0.12,0.0725,124.715,4
spotify:track:247F7iqY6mGzIppYCPlrI6,"שבת בבוקר","המיטב","Arik Einstein;Yoni Rechter",2015-03-10,182000,8,false,214vhfcvcyfy3bjzzggofioyy,2026-02-12T14:47:00Z,"mizrahi","NMC United Entertainment Ltd.",0.758,0.406,11,-13.422,1,0.0449,0.561,0,0.118,0.684,125.648,4
spotify:track:1BSKdcyeTNI6lTDouWQP58,"לולו","המיטב","Arik Einstein;Yoni Rechter",2015-03-10,217000,3,false,214vhfcvcyfy3bjzzggofioyy,2026-02-12T14:47:00Z,"mizrahi","NMC United Entertainment Ltd.",0.487,0.166,6,-17.98,0,0.0384,0.795,0.00377,0.207,0.222,133.285,4
spotify:track:2zXl3FvsW0RnrKKzEY7NHa,"אדון שוקו","המיטב","Arik Einstein;Yoni Rechter",2015-03-10,211000,6,false,214vhfcvcyfy3bjzzggofioyy,2026-02-12T14:47:00Z,"mizrahi","NMC United Entertainment Ltd.",0.765,0.533,2,-13.167,1,0.029,0.494,0.0000684,0.114,0.755,104.874,4
spotify:track:5vJeHCJFoWukq4jbMDwSs4,"אמא שלי","המיטב","Arik Einstein;Yoni Rechter",2015-03-10,294333,18,false,214vhfcvcyfy3bjzzggofioyy,2026-02-12T14:47:00Z,"mizrahi","NMC United Entertainment Ltd.",0.59,0.456,8,-12.285,1,0.0271,0.0991,0,0.0463,0.885,138.633,4
spotify:track:3LdwUL0QHwAivznT7bokOH,"אמרו לו","המיטב","Arik Einstein",2015-03-10,227306,14,false,214vhfcvcyfy3bjzzggofioyy,2026-02-12T14:47:00Z,"mizrahi","NMC United Entertainment Ltd.",0.662,0.651,10,-11.262,1,0.0284,0.348,0,0.0609,0.936,122.45,4
spotify:track:7jZZr2ATYHsijdt1flSYla,"דון קישוט","המיטב","Arik Einstein;Shem-Tov Levy",2015-03-10,215253,6,false,214vhfcvcyfy3bjzzggofioyy,2026-02-12T14:47:00Z,"mizrahi","NMC United Entertainment Ltd.",0.547,0.269,5,-14.456,1,0.0446,0.952,0.000159,0.145,0.18,87.857,4
spotify:track:4RZ8CLQBKLY3Wk2yqzboFI,"שיר של אחרי מלחמה","המיטב","Arik Einstein;Shem-Tov Levy",2015-03-10,215053,7,false,214vhfcvcyfy3bjzzggofioyy,2026-02-12T14:47:00Z,"mizrahi","NMC United Entertainment Ltd.",0.362,0.3,0,-11.204,1,0.0424,0.939,0.00000431,0.101,0.192,74.903,4
spotify:track:4pHMFP0BL3vyFrV1t3tBIb,"יש בי אהבה","המיטב","Arik Einstein;Shem-Tov Levy",2015-03-10,253466,13,false,214vhfcvcyfy3bjzzggofioyy,2026-02-12T14:47:00Z,"mizrahi","NMC United Entertainment Ltd.",0.688,0.397,5,-11.781,1,0.0296,0.548,0.0000424,0.0917,0.331,83.918,4
spotify:track:15zgh8irE5oldPgDqUcWMQ,"בגללך","המיטב","Arik Einstein;Shem-Tov Levy",2015-03-10,310666,15,false,214vhfcvcyfy3bjzzggofioyy,2026-02-12T14:47:00Z,"mizrahi","NMC United Entertainment Ltd.",0.723,0.535,5,-13.601,0,0.0287,0.0193,0.000751,0.123,0.774,121.806,4
spotify:track:1QqaCI8bV8CPObtHt2ySxC,"לבכות לך","המיטב","Arik Einstein;Shem-Tov Levy",2015-03-10,248306,17,false,214vhfcvcyfy3bjzzggofioyy,2026-02-12T14:47:00Z,"mizrahi","NMC United Entertainment Ltd.",0.633,0.271,3,-14.659,0,0.0296,0.728,0,0.114,0.0999,137.513,4
spotify:track:2Dn5BBCwAwAyq6S76hSAU0,"אהבה ממבט ראשון","המיטב","Arik Einstein;Shem-Tov Levy",2015-03-10,200746,15,false,214vhfcvcyfy3bjzzggofioyy,2026-02-12T14:47:00Z,"mizrahi","NMC United Entertainment Ltd.",0.592,0.442,7,-9.49,1,0.0308,0.9,0.0000102,0.123,0.193,103.528,3
spotify:track:2YvCc1hWQmHxkIA8inqNDs,"עכשיו התור לאהבה","המיטב","Arik Einstein;Shem-Tov Levy",2015-03-10,196613,8,false,214vhfcvcyfy3bjzzggofioyy,2026-02-12T14:47:00Z,"mizrahi","NMC United Entertainment Ltd.",0.557,0.272,1,-11.668,0,0.0281,0.942,0.000884,0.091,0.383,101.879,4
spotify:track:3U9Gb5SvNcTgIGlFBk9HF5,"אח מילת מפתח","המיטב","Arik Einstein;Shem-Tov Levy",2015-03-10,262933,13,false,214vhfcvcyfy3bjzzggofioyy,2026-02-12T14:47:00Z,"mizrahi","NMC United Entertainment Ltd.",0.592,0.353,6,-9.807,0,0.0296,0.679,0,0.0978,0.182,119.22,4
spotify:track:59PqaCGqD4E8jGM1Ih6321,"האור בקצה","המיטב","Arik Einstein;Shem-Tov Levy",2015-03-10,262200,12,false,214vhfcvcyfy3bjzzggofioyy,2026-02-12T14:47:00Z,"mizrahi","NMC United Entertainment Ltd.",0.547,0.527,9,-8.017,0,0.0262,0.406,0,0.13,0.399,111.13,3
spotify:track:2Ezv2jFLqzGh2atsgJXNvc,"כל אחד רוצה","המיטב","Arik Einstein;Shalom Hanoch",2015-03-10,193333,7,false,214vhfcvcyfy3bjzzggofioyy,2026-02-12T14:47:00Z,"mizrahi","NMC United Entertainment Ltd.",0.498,0.559,5,-8.039,1,0.0379,0.651,0.00000727,0.113,0.0863,130.401,4
spotify:track:1YI8sXCQp7QQzZHaNLLRf2,"שמור על עצמך","המיטב","Arik Einstein;Shalom Hanoch",2015-03-10,225466,4,false,214vhfcvcyfy3bjzzggofioyy,2026-02-12T14:47:00Z,"mizrahi","NMC United Entertainment Ltd.",0.346,0.441,11,-9.964,0,0.0291,0.4,0.00142,0.104,0.261,166.38,4
spotify:track:6TNBU3DoMBgAsKJrknR0NN,"גיטרה וכינור","המיטב","Arik Einstein;Shalom Hanoch",2015-03-10,216466,14,false,214vhfcvcyfy3bjzzggofioyy,2026-02-12T14:47:00Z,"mizrahi","NMC United Entertainment Ltd.",0.536,0.392,4,-10.797,1,0.0264,0.842,0.0306,0.119,0.38,73,4
spotify:track:750PC9E4nU32mTN08X8d1q,"פוליטיקה","המיטב","Arik Einstein;Micha Shitrit",2015-03-10,270480,10,false,214vhfcvcyfy3bjzzggofioyy,2026-02-12T14:47:00Z,"mizrahi","NMC United Entertainment Ltd.",0.806,0.525,7,-10.785,1,0.0325,0.782,0.111,0.0835,0.88,129.042,4
spotify:track:4lQqRh4HK8qZwnw3OEJaos,"שחורה שלי","המיטב","Arik Einstein",2015-03-10,216746,6,false,214vhfcvcyfy3bjzzggofioyy,2026-02-12T14:47:00Z,"mizrahi","NMC United Entertainment Ltd.",0.602,0.74,0,-7.427,0,0.0314,0.47,0.0166,0.215,0.624,103.99,4
spotify:track:1h40X8o0krfdmb5YQ35Bsg,"ואת חוזרת לשלכת","המיטב","Arik Einstein",2015-03-10,232653,5,false,214vhfcvcyfy3bjzzggofioyy,2026-02-12T14:47:00Z,"mizrahi","NMC United Entertainment Ltd.",0.658,0.466,4,-8.922,0,0.0307,0.693,0.0000362,0.205,0.38,117.942,4
spotify:track:5mOlL4lnVrBp4QizQIMWyt,"רוקד את הטנגו לבד","המיטב","Arik Einstein;Guy Bukati",2015-03-10,216413,15,false,214vhfcvcyfy3bjzzggofioyy,2026-02-12T14:47:00Z,"mizrahi","NMC United Entertainment Ltd.",0.551,0.357,4,-8.923,0,0.0395,0.85,0.000028,0.138,0.259,145.922,4
spotify:track:0XRMHkSWDTb7cxDbt7apqy,"פשוט אומר לך","המיטב","Arik Einstein;Guy Bukati",2015-03-10,189333,5,false,214vhfcvcyfy3bjzzggofioyy,2026-02-12T14:47:00Z,"mizrahi","NMC United Entertainment Ltd.",0.677,0.57,0,-8.179,1,0.0485,0.835,0.00000482,0.105,0.61,77.008,4
spotify:track:02QRsyxSzeA2Qfiy1zgZ2C,"צליל מכוון","המיטב","Arik Einstein",2015-03-10,202746,9,false,214vhfcvcyfy3bjzzggofioyy,2026-02-12T14:47:00Z,"mizrahi","NMC United Entertainment Ltd.",0.602,0.495,7,-8.891,0,0.0265,0.451,0.0084,0.0999,0.492,135.939,4
spotify:track:22ZWl749pTgVFrievwzX00,"מעבדות לחרות","המיטב","Arik Einstein",2015-03-10,229093,5,false,214vhfcvcyfy3bjzzggofioyy,2026-02-12T14:47:00Z,"mizrahi","NMC United Entertainment Ltd.",0.542,0.543,2,-8.665,1,0.0284,0.464,0.000234,0.296,0.436,75.962,4
spotify:track:1buLkGZPF3jL4gE75YBQyi,"חוזרים הביתה","המיטב","Shlomo Artzi;Arik Einstein",2015-03-10,220333,10,false,214vhfcvcyfy3bjzzggofioyy,2026-02-12T14:47:00Z,"mizrahi","NMC United Entertainment Ltd.",0.576,0.478,11,-7.488,0,0.0446,0.852,0,0.106,0.402,77.776,4
